<modification>
    <id>Careers Footer Link</id>
      <version>1.0.0</version>
		   <vqmver>2.1.6</vqmver>
       <author>www.tradeinkenya.com</author>		

<file name="catalog/language/*/common/footer.php">
    <operation>
			<search position="before"><![CDATA[$_['text_manufacturer'] ]]></search>
			<add><![CDATA[
      $_['text_careers'] = 'Careers';
   ]]></add>
	</operation>
</file>	

<file name="catalog/controller/common/footer.php">
    <operation>
			<search position="before"><![CDATA[$this->data['text_manufacturer'] = $this->language->get('text_manufacturer');]]></search>
			<add><![CDATA[
      $this->data['text_careers'] = $this->language->get('text_careers');
   ]]></add>
	</operation>
    <operation>
			<search position="before"><![CDATA[$this->data['account'] = $this->url->link('account/account', '', 'SSL');]]></search>
			<add><![CDATA[
      $this->data['careers'] = $this->url->link('information/careers', '', 'SSL');
   ]]></add>
	</operation>	
</file>	

<file name="catalog/view/theme/*/template/common/footer.tpl">
    <operation>
			<search position="before"><![CDATA[<li><a href="<?php echo $manufacturer; ?>"><?php echo $text_manufacturer; ?></a></li>]]></search>
			<add><![CDATA[
      <li><a href="<?php echo $careers; ?>"><?php echo $text_careers; ?></a></li>
   ]]></add>
	</operation>
</file>		

</modification>